{"cameraMode":{"drawMode":0,"name":"Shaded","section":"Shading Mode"},"sceneLighting":false,"audioPlay":false,"sceneViewState":{"showFog":true,"showMaterialUpdate":false,"showSkybox":false,"showFlares":true,"showImageEffects":true,"showParticleSystems":true},"in2DMode":false,"pivot":{"x":-2.736579418182373,"y":1.9501538276672364,"z":74.0},"rotation":{"x":0.009950785897672177,"y":0.949285626411438,"z":-0.31280338764190676,"w":0.03019837662577629},"size":35.807403564453128,"orthographic":false}