{"cameraMode":{"drawMode":0,"name":"Shaded","section":"Shading Mode"},"sceneLighting":true,"audioPlay":false,"sceneViewState":{"showFog":true,"showMaterialUpdate":false,"showSkybox":true,"showFlares":true,"showImageEffects":true,"showParticleSystems":true},"in2DMode":false,"pivot":{"x":-9.900652885437012,"y":1.018716812133789,"z":73.63634490966797},"rotation":{"x":-0.1951414942741394,"y":0.6756963133811951,"z":-0.1926981508731842,"w":-0.6842673420906067},"size":9.061701774597168,"orthographic":false}